<?xml version="1.0" encoding="utf-8"?>
<extension type="newsletter_module">
	<name>WYSIWYG module</name>
	<author>Migur</author>
	<creationDate>May 2011</creationDate>
	<copyright>Copyright (C) 2011 Migur Ltd. All rights reserved.</copyright>
	<license>GNU General Public License version 2 or later; see LICENSE.txt</license>
	<authorEmail>info@migur.com</authorEmail>
	<authorUrl>http://migur.com/</authorUrl>
	<version>1.6.0</version>
	<description>The advanced module to add the text data into the newsletter</description>
	<files>
		<filename
			module="mod_wysiwyg">mod_wysiwyg.php</filename>
		<filename>index.html</filename>
	</files>
	<help key="JHELP_EXTENSIONS_MODULE_MANAGER_ADMIN_WYSIWYG" />
	<config>
		<fields name="params">
			<fieldset name="basic">
                <field
                    name="text"
                    type="editor"
                    class="inputbox"
                    label=""
                    description="COM_CONTENT_FIELD_EDITOR_DESC"
                    width="500"
                    height="200"
                    filter="ContentHelper::filterText" />
			</fieldset>
		</fields>
	</config>
</extension>
